-- phpMyAdmin SQL Dump
-- version 5.0.2
-- https://www.phpmyadmin.net/
--
-- Host: 127.0.0.1
-- Generation Time: Nov 03, 2020 at 08:26 AM
-- Server version: 10.4.14-MariaDB
-- PHP Version: 7.4.10

SET SQL_MODE = "NO_AUTO_VALUE_ON_ZERO";
START TRANSACTION;
SET time_zone = "+00:00";


/*!40101 SET @OLD_CHARACTER_SET_CLIENT=@@CHARACTER_SET_CLIENT */;
/*!40101 SET @OLD_CHARACTER_SET_RESULTS=@@CHARACTER_SET_RESULTS */;
/*!40101 SET @OLD_COLLATION_CONNECTION=@@COLLATION_CONNECTION */;
/*!40101 SET NAMES utf8mb4 */;

--
-- Database: `blog`
--

-- --------------------------------------------------------

--
-- Table structure for table `admins`
--

CREATE TABLE `admins` (
  `id` int(11) NOT NULL,
  `name` varchar(255) NOT NULL,
  `email` varchar(255) NOT NULL,
  `password` varchar(255) NOT NULL
) ENGINE=InnoDB DEFAULT CHARSET=utf8mb4;

--
-- Dumping data for table `admins`
--

INSERT INTO `admins` (`id`, `name`, `email`, `password`) VALUES
(1, 'admin', 'admin@blog.com', '21232f297a57a5a743894a0e4a801fc3');

-- --------------------------------------------------------

--
-- Table structure for table `categories`
--

CREATE TABLE `categories` (
  `id` int(11) NOT NULL,
  `category_name` varchar(255) NOT NULL,
  `description` varchar(255) NOT NULL,
  `status` varchar(255) NOT NULL
) ENGINE=InnoDB DEFAULT CHARSET=utf8mb4;

--
-- Dumping data for table `categories`
--

INSERT INTO `categories` (`id`, `category_name`, `description`, `status`) VALUES
(1, 'Bangladesh', 'Bangladesh is a beautiful country ', '1'),
(2, 'Computer Science ', 'Computer Science ', '1'),
(3, 'Physics', 'Physics', '1'),
(4, 'Chemistry ', 'Chemistry ', '1'),
(5, 'Biology', 'Biology', '1'),
(6, 'Mathematics ', 'Number theory', '1'),
(7, 'Laravel', 'Php Framework', '0');

-- --------------------------------------------------------

--
-- Table structure for table `comments`
--

CREATE TABLE `comments` (
  `id` int(11) NOT NULL,
  `post_id` int(11) NOT NULL,
  `body` text NOT NULL
) ENGINE=InnoDB DEFAULT CHARSET=utf8mb4;

--
-- Dumping data for table `comments`
--

INSERT INTO `comments` (`id`, `post_id`, `body`) VALUES
(1, 0, 'good'),
(2, 27, 'very good'),
(3, 26, 'Wow very nice article'),
(4, 25, 'what is number theory?'),
(5, 24, 'Owo! its effective'),
(6, 23, 'I love physics'),
(7, 22, 'I love machine learning'),
(8, 21, 'I love my country'),
(9, 21, 'good'),
(10, 21, 'bangladesh is beautiful'),
(11, 27, 'hello'),
(12, 27, 'very nice'),
(13, 22, 'ok'),
(14, 25, 'good'),
(15, 24, 'Cras sit amet nibh libero, in gravida nulla. Nulla vel metus scelerisque ante sollicitudin. Cras purus odio, vestibulum in vulputate at, tempus viverra turpis. Fusce condimentum nunc ac nisi vulputate fringilla. Donec lacinia congue felis in faucibus'),
(16, 27, 'অনেক সুন্দর হয়েছে , সামনে এগিয়ে যাও very nice go ahead bro'),
(17, 26, 'অনেক কিছু জানতে পারলাম ভাই, অনেক ধন্যবাদ আপনাকে এতো সুন্দর একটা পোস্ট দেওয়ার জন্য '),
(18, 21, 'হেলো  বাংলাদেশ , আমি বাংলাদেশের প্রকৃত খুব পছন্দ করি ');

-- --------------------------------------------------------

--
-- Table structure for table `coursevideo`
--

CREATE TABLE `coursevideo` (
  `id` int(11) NOT NULL,
  `title` varchar(30) NOT NULL,
  `duration` varchar(30) NOT NULL,
  `videoUrl` varchar(200) NOT NULL
) ENGINE=InnoDB DEFAULT CHARSET=utf8mb4;

--
-- Dumping data for table `coursevideo`
--

INSERT INTO `coursevideo` (`id`, `title`, `duration`, `videoUrl`) VALUES
(1, 'Setup,String....', '1.39', 'https://www.radiantmediaplayer.com/media/big-buck-bunny-360p.mp4');

-- --------------------------------------------------------

--
-- Table structure for table `posts`
--

CREATE TABLE `posts` (
  `id` int(11) NOT NULL,
  `category_id` int(11) NOT NULL,
  `post_title` varchar(255) NOT NULL,
  `short_description` text NOT NULL,
  `description` text NOT NULL,
  `image` text NOT NULL,
  `status` tinyint(4) NOT NULL,
  `created_at` timestamp NOT NULL DEFAULT current_timestamp()
) ENGINE=InnoDB DEFAULT CHARSET=utf8mb4;

--
-- Dumping data for table `posts`
--

INSERT INTO `posts` (`id`, `category_id`, `post_title`, `short_description`, `description`, `image`, `status`, `created_at`) VALUES
(21, 1, 'Natural beauty ', 'Natural beauty is one with attractive features and looking attractive naturally without any makeup. It means your lips are beautiful without any lipstick or lip balm, your eyes are beautiful ', '<p>The Natural Beauties of Bangladesh Add caption In summer, trough we feel uncomfortable for extreme heat, yet we get various kinds of sweet fruits in this season. After a long spell of hot weather, the rainy season comes with showers to cool the earth. During the rainy season by sky often remains overcast with thick black clouds that hover across the sky close to the earth surface. The low-lying lands go under water and look like a vast sheet of water. In autumn there is play of hide and seeks among the clouds. The sky in an autumn nigh studded with innumerable stars appears to be a dreamland to the on-lookers. In late autumn Nature smile with the dew drops in the morning. In winter fields full of winter spring with all its beautiful sights and sounds and make Bangladesh the queen of all beauties. Being a riverine country, her rivers present different scenes at different times. Especially the rivers in the rainy season present an unbroken view of variety of sights, which amuses our eyes. Again the long Sea-beach of the Bay of Bangal at Cox’s bazar is worth seeing. Each of her natural regions such as Rangamati, Kaptai, Sylhet, Moinamati, Sundarbans etc are blessed with the most enchanting natural beauty. The scenery of these places is so charming and attractive that there is always a rush of tourism and visitors in these places from home and aboard throughout the year. The Native Magnificence’s of Bangladesh No one can rallies deny Bangladesh is a matchless beauty spot on the earth. Whoever sets foot on this land can never forget its beauty. I am proud and happy to have been born in such a beautiful country. Another BANGLADESH Bangladesh is a small South-Asian country. It’s area is 1,47570 sq. km. The North, The west and the most part of the east is surrounded by India, the southeast part of the east is attached with Myanmar and The Bay of Bengal is to the south. It is situated in the temperate zone of the world. It got its independence on 16 December, 1971. The climate of the country is hot and humid. The main occupation of the people in general, here is agriculture. There are some other professions too, such as service, teaching, technical and industrial work etc. The main attraction of this country is its natural beauty. It has the longest sea-beach of the world, the Cox’s Bazar sea-beach. There are three world heritage sites here: The Sundarbans, the Shat-gombuj mosque and the ruins of the Buddhist Bihar at Paharpur. In spite of some problems, Bangladesh is a very beautiful country. The people of this country are very patriotic, brave and hospitable. I feel very proud about Bangladesh</p>', '../assets/images/nature.png', 0, '2020-10-24 16:53:57'),
(22, 2, 'WHAT IS COMPUTER SCIENCE', 'Computer science is the study of algorithmic processes and computational machines. As a discipline, computer science spans a range of topics from theoretical studies of algorithms, computation and information...', '<p style=\"margin: 0.5em 0px; color: #202122; font-family: sans-serif; font-size: 14px; background-color: #ffffff;\"><strong>Computer science</strong>&nbsp;is the study of&nbsp;<a style=\"text-decoration-line: none; color: #0b0080; background: none;\" title=\"Algorithm\" href=\"https://en.wikipedia.org/wiki/Algorithm\">algorithmic processes</a>&nbsp;and&nbsp;<a style=\"text-decoration-line: none; color: #0b0080; background: none;\" title=\"Automata theory\" href=\"https://en.wikipedia.org/wiki/Automata_theory\">computational machines</a>.<sup id=\"cite_ref-1\" class=\"reference\" style=\"line-height: 1; unicode-bidi: isolate; white-space: nowrap; font-size: 11.2px;\"><a style=\"text-decoration-line: none; color: #0b0080; background: none;\" href=\"https://en.wikipedia.org/wiki/Computer_science#cite_note-1\">[1]</a></sup><sup id=\"cite_ref-2\" class=\"reference\" style=\"line-height: 1; unicode-bidi: isolate; white-space: nowrap; font-size: 11.2px;\"><a style=\"text-decoration-line: none; color: #0b0080; background: none;\" href=\"https://en.wikipedia.org/wiki/Computer_science#cite_note-2\">[2]</a></sup>&nbsp;As a discipline, computer science spans a range of topics from theoretical studies of&nbsp;<a style=\"text-decoration-line: none; color: #0b0080; background: none;\" title=\"Algorithm\" href=\"https://en.wikipedia.org/wiki/Algorithm\">algorithms</a>,&nbsp;<a style=\"text-decoration-line: none; color: #0b0080; background: none;\" title=\"Theory of computation\" href=\"https://en.wikipedia.org/wiki/Theory_of_computation\">computation</a>&nbsp;and&nbsp;<a style=\"text-decoration-line: none; color: #0b0080; background: none;\" title=\"Information theory\" href=\"https://en.wikipedia.org/wiki/Information_theory\">information</a>&nbsp;to the practical issues of implementing computing systems in&nbsp;<a style=\"text-decoration-line: none; color: #0b0080; background: none;\" title=\"Computer architecture\" href=\"https://en.wikipedia.org/wiki/Computer_architecture\">hardware</a>&nbsp;and&nbsp;<a style=\"text-decoration-line: none; color: #0b0080; background: none;\" title=\"Computer programming\" href=\"https://en.wikipedia.org/wiki/Computer_programming\">software</a>.<sup id=\"cite_ref-3\" class=\"reference\" style=\"line-height: 1; unicode-bidi: isolate; white-space: nowrap; font-size: 11.2px;\"><a style=\"text-decoration-line: none; color: #0b0080; background: none;\" href=\"https://en.wikipedia.org/wiki/Computer_science#cite_note-3\">[3]</a></sup><sup id=\"cite_ref-4\" class=\"reference\" style=\"line-height: 1; unicode-bidi: isolate; white-space: nowrap; font-size: 11.2px;\"><a style=\"text-decoration-line: none; color: #0b0080; background: none;\" href=\"https://en.wikipedia.org/wiki/Computer_science#cite_note-4\">[4]</a></sup>&nbsp;Computer science addresses any&nbsp;<a style=\"text-decoration-line: none; color: #0b0080; background: none;\" title=\"Computational problem\" href=\"https://en.wikipedia.org/wiki/Computational_problem\">computational problems</a>, especially&nbsp;<a style=\"text-decoration-line: none; color: #0b0080; background: none;\" title=\"Information processing\" href=\"https://en.wikipedia.org/wiki/Information_processing\">information processes</a>, such as&nbsp;<a style=\"text-decoration-line: none; color: #0b0080; background: none;\" title=\"Control flow\" href=\"https://en.wikipedia.org/wiki/Control_flow\">control</a>,&nbsp;<a style=\"text-decoration-line: none; color: #0b0080; background: none;\" title=\"Inter-process communication\" href=\"https://en.wikipedia.org/wiki/Inter-process_communication\">communication</a>,&nbsp;<a style=\"text-decoration-line: none; color: #0b0080; background: none;\" title=\"Computer vision\" href=\"https://en.wikipedia.org/wiki/Computer_vision\">perception</a>,&nbsp;<a style=\"text-decoration-line: none; color: #0b0080; background: none;\" title=\"Computational learning theory\" href=\"https://en.wikipedia.org/wiki/Computational_learning_theory\">learning</a>, and&nbsp;<a style=\"text-decoration-line: none; color: #0b0080; background: none;\" title=\"Artificial intelligence\" href=\"https://en.wikipedia.org/wiki/Artificial_intelligence\">intelligence</a>.<sup id=\"cite_ref-Denning_cs_discipline_5-0\" class=\"reference\" style=\"line-height: 1; unicode-bidi: isolate; white-space: nowrap; font-size: 11.2px;\"><a style=\"text-decoration-line: none; color: #0b0080; background: none;\" href=\"https://en.wikipedia.org/wiki/Computer_science#cite_note-Denning_cs_discipline-5\">[5]</a></sup><sup id=\"cite_ref-6\" class=\"reference\" style=\"line-height: 1; unicode-bidi: isolate; white-space: nowrap; font-size: 11.2px;\"><a style=\"text-decoration-line: none; color: #0b0080; background: none;\" href=\"https://en.wikipedia.org/wiki/Computer_science#cite_note-6\">[6]</a></sup><sup id=\"cite_ref-7\" class=\"reference\" style=\"line-height: 1; unicode-bidi: isolate; white-space: nowrap; font-size: 11.2px;\"><a style=\"text-decoration-line: none; color: #0b0080; background: none;\" href=\"https://en.wikipedia.org/wiki/Computer_science#cite_note-7\">[7]</a></sup></p>\r\n<p style=\"margin: 0.5em 0px; color: #202122; font-family: sans-serif; font-size: 14px; background-color: #ffffff;\">Its fields can be divided into theoretical and&nbsp;<a class=\"mw-redirect\" style=\"text-decoration-line: none; color: #0b0080; background: none;\" title=\"Practical disciplines\" href=\"https://en.wikipedia.org/wiki/Practical_disciplines\">practical disciplines</a>. For example,&nbsp;<a style=\"text-decoration-line: none; color: #0b0080; background: none;\" title=\"Theory of computation\" href=\"https://en.wikipedia.org/wiki/Theory_of_computation\">theory of computation</a>&nbsp;study abstract&nbsp;<a class=\"mw-redirect\" style=\"text-decoration-line: none; color: #0b0080; background: none;\" title=\"Models of computation\" href=\"https://en.wikipedia.org/wiki/Models_of_computation\">models of computation</a>&nbsp;and general&nbsp;<a style=\"text-decoration-line: none; color: #0b0080; background: none;\" title=\"Computational problem\" href=\"https://en.wikipedia.org/wiki/Computational_problem\">computational problems</a>&nbsp;that can be solved using them, while&nbsp;<a style=\"text-decoration-line: none; color: #0b0080; background: none;\" title=\"Computer graphics (computer science)\" href=\"https://en.wikipedia.org/wiki/Computer_graphics_(computer_science)\">computer graphics</a>&nbsp;and&nbsp;<a style=\"text-decoration-line: none; color: #0b0080; background: none;\" title=\"Computational geometry\" href=\"https://en.wikipedia.org/wiki/Computational_geometry\">computational geometry</a>&nbsp;emphasizes more specific applications.&nbsp;<a style=\"text-decoration-line: none; color: #0b0080; background: none;\" title=\"Algorithmics\" href=\"https://en.wikipedia.org/wiki/Algorithmics\">Algorithmics</a>&nbsp;have been called the heart of computer science.<sup id=\"cite_ref-8\" class=\"reference\" style=\"line-height: 1; unicode-bidi: isolate; white-space: nowrap; font-size: 11.2px;\"><a style=\"text-decoration-line: none; color: #0b0080; background: none;\" href=\"https://en.wikipedia.org/wiki/Computer_science#cite_note-8\">[8]</a></sup>&nbsp;<a style=\"text-decoration-line: none; color: #0b0080; background: none;\" title=\"Programming language theory\" href=\"https://en.wikipedia.org/wiki/Programming_language_theory\">Programming language theory</a>&nbsp;considers approaches to the description of computational processes, while&nbsp;<a style=\"text-decoration-line: none; color: #0b0080; background: none;\" title=\"Software engineering\" href=\"https://en.wikipedia.org/wiki/Software_engineering\">software engineering</a>&nbsp;involves the use of programming</p>', '../assets/images/machine.jpg', 1, '2020-10-24 17:03:14'),
(23, 3, 'Motion', 'In physics, motion is the phenomenon in which an object changes its position over time. Motion is mathematically described in terms of displacement, distance, velocity, acceleration, speed, and time.', '<p><span style=\"color: #202122; font-family: sans-serif; font-size: 14px; background-color: #ffffff;\">In&nbsp;</span><a style=\"text-decoration-line: none; color: #0b0080; background: none #ffffff; font-family: sans-serif; font-size: 14px;\" title=\"Physics\" href=\"https://en.wikipedia.org/wiki/Physics\">physics</a><span style=\"color: #202122; font-family: sans-serif; font-size: 14px; background-color: #ffffff;\">, motion is the phenomenon in which an object changes its&nbsp;</span><a class=\"mw-redirect\" style=\"text-decoration-line: none; color: #0b0080; background: none #ffffff; font-family: sans-serif; font-size: 14px;\" title=\"Position (mathematics)\" href=\"https://en.wikipedia.org/wiki/Position_(mathematics)\">position</a><span style=\"color: #202122; font-family: sans-serif; font-size: 14px; background-color: #ffffff;\">&nbsp;over time. Motion is mathematically described in terms of&nbsp;</span><a class=\"mw-redirect\" style=\"text-decoration-line: none; color: #0b0080; background: none #ffffff; font-family: sans-serif; font-size: 14px;\" title=\"Displacement (mathematics)\" href=\"https://en.wikipedia.org/wiki/Displacement_(mathematics)\">displacement</a><span style=\"color: #202122; font-family: sans-serif; font-size: 14px; background-color: #ffffff;\">,&nbsp;</span><a style=\"text-decoration-line: none; color: #0b0080; background: none #ffffff; font-family: sans-serif; font-size: 14px;\" title=\"Distance\" href=\"https://en.wikipedia.org/wiki/Distance\">distance</a><span style=\"color: #202122; font-family: sans-serif; font-size: 14px; background-color: #ffffff;\">,&nbsp;</span><a style=\"text-decoration-line: none; color: #0b0080; background: none #ffffff; font-family: sans-serif; font-size: 14px;\" title=\"Velocity\" href=\"https://en.wikipedia.org/wiki/Velocity\">velocity</a><span style=\"color: #202122; font-family: sans-serif; font-size: 14px; background-color: #ffffff;\">,&nbsp;</span><a style=\"text-decoration-line: none; color: #0b0080; background: none #ffffff; font-family: sans-serif; font-size: 14px;\" title=\"Acceleration\" href=\"https://en.wikipedia.org/wiki/Acceleration\">acceleration</a><span style=\"color: #202122; font-family: sans-serif; font-size: 14px; background-color: #ffffff;\">,&nbsp;</span><a style=\"text-decoration-line: none; color: #0b0080; background: none #ffffff; font-family: sans-serif; font-size: 14px;\" title=\"Speed\" href=\"https://en.wikipedia.org/wiki/Speed\">speed</a><span style=\"color: #202122; font-family: sans-serif; font-size: 14px; background-color: #ffffff;\">, and&nbsp;</span><a style=\"text-decoration-line: none; color: #0b0080; background: none #ffffff; font-family: sans-serif; font-size: 14px;\" title=\"Time\" href=\"https://en.wikipedia.org/wiki/Time\">time</a><span style=\"color: #202122; font-family: sans-serif; font-size: 14px; background-color: #ffffff;\">. The motion of a body is observed by attaching a&nbsp;</span><a style=\"text-decoration-line: none; color: #0b0080; background: none #ffffff; font-family: sans-serif; font-size: 14px;\" title=\"Frame of reference\" href=\"https://en.wikipedia.org/wiki/Frame_of_reference\">frame of reference</a><span style=\"color: #202122; font-family: sans-serif; font-size: 14px; background-color: #ffffff;\">&nbsp;to an observer and measuring the change in position of the body relative to that frame with change in time. The branch of physics describing the motion of objects without reference to its cause is&nbsp;</span><a style=\"text-decoration-line: none; color: #0b0080; background: none #ffffff; font-family: sans-serif; font-size: 14px;\" title=\"Kinematics\" href=\"https://en.wikipedia.org/wiki/Kinematics\">kinematics</a><span style=\"color: #202122; font-family: sans-serif; font-size: 14px; background-color: #ffffff;\">; the branch studying forces and their effect on motion is&nbsp;</span><a style=\"text-decoration-line: none; color: #0b0080; background: none #ffffff; font-family: sans-serif; font-size: 14px;\" title=\"Dynamics (mechanics)\" href=\"https://en.wikipedia.org/wiki/Dynamics_(mechanics)\">dynamics</a><span style=\"color: #202122; font-family: sans-serif; font-size: 14px; background-color: #ffffff;\">.</span></p>', '../assets/images/physics-2.jpg', 1, '2020-10-24 17:06:26'),
(24, 6, 'Geometry', 'Geometry is a branch of mathematics that studies the sizes, shapes, positions angles and dimensions of things. Flat shapes like squares, circles, and triangles are a part of flat geometry and are called 2D shapes. These shapes have only 2 dimensions, the length and the width.', '<h2 style=\"margin: 10px 0px; padding: 0px; font-family: museo-sans-n3, museo-sans, Helvetica, Arial, sans-serif; line-height: 34px; color: #333333; text-rendering: optimizelegibility; font-size: 20px; background-color: #ffffff;\">What is Geometry?</h2>\r\n<p style=\"margin: 0px 0px 10px; padding: 0px; color: #333333; font-family: proxima-nova-n4, proxima-nova, Helvetica, Arial, sans-serif; font-size: 16px; background-color: #ffffff;\">Geometry is a branch of mathematics that studies the&nbsp;<a style=\"margin: 0px; padding: 0px; background: 0px 0px; cursor: pointer; color: #0088cc; text-decoration-line: none; outline: none; user-select: none; border: 0px;\" href=\"https://www.splashlearn.com/math-vocabulary/measurements/size\" target=\"_blank\" rel=\"noopener\">sizes</a>, shapes, positions&nbsp;<a style=\"margin: 0px; padding: 0px; background: 0px 0px; cursor: pointer; color: #0088cc; text-decoration-line: none; outline: none; user-select: none; border: 0px;\" href=\"https://www.splashlearn.com/math-vocabulary/geometry/angle\" target=\"_blank\" rel=\"noopener\">angles</a>&nbsp;and dimensions of things.</p>\r\n<p style=\"margin: 0px 0px 10px; padding: 0px; color: #333333; font-family: proxima-nova-n4, proxima-nova, Helvetica, Arial, sans-serif; font-size: 16px; background-color: #ffffff;\">Flat&nbsp;<a style=\"margin: 0px; padding: 0px; background: 0px 0px; cursor: pointer; color: #0088cc; text-decoration-line: none; outline: none; user-select: none; border: 0px;\" href=\"https://www.splashlearn.com/math-vocabulary/geometry/shape\" target=\"_blank\" rel=\"noopener\">shapes</a>&nbsp;like squares, circles, and triangles are a part of flat geometry and are called 2D shapes. These shapes have only&nbsp;<a style=\"margin: 0px; padding: 0px; background: 0px 0px; cursor: pointer; color: #0088cc; text-decoration-line: none; outline: none; user-select: none; border: 0px;\" href=\"https://www.splashlearn.com/math-vocabulary/geometry/2-dimensional\" target=\"_blank\" rel=\"noopener\">2 dimensions</a>, the length and the width.</p>\r\n<p style=\"margin: 0px 0px 10px; padding: 0px; color: #333333; font-family: proxima-nova-n4, proxima-nova, Helvetica, Arial, sans-serif; font-size: 16px; background-color: #ffffff;\">Examples of 2D shapes in flat geometry</p>\r\n<p style=\"margin: 0px 0px 10px; padding: 0px; color: #333333; font-family: proxima-nova-n4, proxima-nova, Helvetica, Arial, sans-serif; font-size: 16px; background-color: #ffffff;\"><img style=\"margin: 0px; padding: 0px; border: 0px; max-width: 100%; height: auto; vertical-align: middle; outline: none;\" src=\"https://cdn-skill.splashmath.com/panel-uploads/GlossaryTerm/41205462580d41f890ff32a3439c8eec/1563160751_geometry-2d-shapes.png\" alt=\"geometry 2d shapes\" width=\"680\" height=\"142\" /></p>\r\n<p style=\"margin: 0px 0px 10px; padding: 0px; color: #333333; font-family: proxima-nova-n4, proxima-nova, Helvetica, Arial, sans-serif; font-size: 16px; background-color: #ffffff;\">&nbsp;</p>\r\n<div class=\"js-glossary-terms-desc-append-games\" style=\"margin: 0px; padding: 0px; color: #333333; font-family: proxima-nova-n4, proxima-nova, Helvetica, Arial, sans-serif; font-size: 16px; background-color: #ffffff;\">\r\n<div id=\"game-section-clone-section\" class=\"games-section games-section-inside-vocab-term\" style=\"margin: 0px; padding: 0px; width: 828px; float: none;\">\r\n<div class=\"user-signup vocab-page-signup\" style=\"margin: 0px 0px 25px; padding: 30px 10px 10px; border-radius: 4px; max-width: 780px;\">\r\n<h4 style=\"margin: 10px 0px 30px; padding: 0px; font-family: proxima-nova-n6, proxima-nova; line-height: 32px; letter-spacing: 0px; color: #ff5777; text-rendering: optimizelegibility; font-size: 26px; text-align: center;\">Learn with the Complete K-5 Math Learning Program</h4>\r\n<div class=\"submit-button-container\" style=\"margin: 0px; padding: 0px; text-align: center;\"><a class=\"button rounded-button-light-orange\" style=\"margin: 0px; padding: 10px 30px; background: #ff5777; cursor: pointer; color: #ffffff; text-decoration-line: none; outline: none; user-select: none; border: none; display: inline-block; font-variant-numeric: normal; font-variant-east-asian: normal; font-stretch: normal; font-size: 20px; line-height: 24px; vertical-align: middle; border-radius: 40px; box-shadow: #dedede 0px 6px 10px 3px;\" href=\"https://www.splashlearn.com/parents/register\" data-clicked=\"Signup\" data-frompage=\"Vocabulary Pages\" data-linklocation=\"Signup Widget\" data-linktext=\"Get Started for Free\" data-track=\"true\" data-foraccounttype=\"Parent\" data-google=\"true\">Parents, Sign Up for Free</a><a class=\"button rounded-button-light-orange secondary-button\" style=\"margin: 0px 0px 0px 10px; padding: 10px 30px; background-image: initial; background-position: initial; background-size: initial; background-repeat: initial; background-attachment: initial; background-origin: initial; background-clip: initial; cursor: pointer; color: #ff5777; text-decoration-line: none; outline: none; user-select: none; border: none #ff5777; display: inline-block; font-variant-numeric: normal; font-variant-east-asian: normal; font-stretch: normal; font-size: 20px; line-height: 24px; vertical-align: middle; border-radius: 40px; box-shadow: #dedede 0px 6px 10px 3px;\" href=\"https://www.splashlearn.com/teachers/register\" data-clicked=\"Signup\" data-frompage=\"Vocabulary Pages\" data-linklocation=\"Signup Widget\" data-linktext=\"Get Started for Free\" data-track=\"true\" data-foraccounttype=\"Teacher\" data-google=\"true\">Teachers, Sign Up for Free</a></div>\r\n</div>\r\n</div>\r\n&nbsp;</div>\r\n<p style=\"margin: 0px 0px 10px; padding: 0px; color: #333333; font-family: proxima-nova-n4, proxima-nova, Helvetica, Arial, sans-serif; font-size: 16px; background-color: #ffffff;\">Solid objects are also known as 3D objects having the third dimension of&nbsp;<a style=\"margin: 0px; padding: 0px; background: 0px 0px; cursor: pointer; color: #0088cc; text-decoration-line: none; outline: none; user-select: none; border: 0px;\" href=\"https://www.splashlearn.com/math-vocabulary/measurements/height\" target=\"_blank\" rel=\"noopener\">height</a>&nbsp;or depth.</p>\r\n<p style=\"margin: 0px 0px 10px; padding: 0px; color: #333333; font-family: proxima-nova-n4, proxima-nova, Helvetica, Arial, sans-serif; font-size: 16px; background-color: #ffffff;\">Examples of 3D shapes in solid geometry</p>\r\n<p style=\"margin: 0px 0px 10px; padding: 0px; color: #333333; font-family: proxima-nova-n4, proxima-nova, Helvetica, Arial, sans-serif; font-size: 16px; background-color: #ffffff;\"><img style=\"margin: 0px; padding: 0px; border: 0px; max-width: 100%; height: auto; vertical-align: middle; outline: none;\" src=\"https://cdn-skill.splashmath.com/panel-uploads/GlossaryTerm/41205462580d41f890ff32a3439c8eec/1563160751_geometry-3d-object.png\" alt=\"geometry 3d object\" width=\"680\" height=\"142\" /></p>\r\n<p style=\"margin: 0px 0px 10px; padding: 0px; color: #333333; font-family: proxima-nova-n4, proxima-nova, Helvetica, Arial, sans-serif; font-size: 16px; background-color: #ffffff;\">&nbsp;</p>\r\n<p style=\"margin: 0px 0px 10px; padding: 0px; color: #333333; font-family: proxima-nova-n4, proxima-nova, Helvetica, Arial, sans-serif; font-size: 16px; background-color: #ffffff;\"><span style=\"margin: 0px; padding: 0px; font-weight: bold;\">Angle</span>:</p>\r\n<p style=\"margin: 0px 0px 10px; padding: 0px; color: #333333; font-family: proxima-nova-n4, proxima-nova, Helvetica, Arial, sans-serif; font-size: 16px; background-color: #ffffff;\">The&nbsp;<a style=\"margin: 0px; padding: 0px; background: 0px 0px; cursor: pointer; color: #0088cc; text-decoration-line: none; outline: none; user-select: none; border: 0px;\" href=\"https://www.splashlearn.com/math-vocabulary/geometry/vertex\" target=\"_blank\" rel=\"noopener\">vertex</a>&nbsp;of a shape where two edges meet form an angle. Different shapes in geometry have different angle measures.</p>\r\n<p style=\"margin: 0px 0px 10px; padding: 0px; color: #333333; font-family: proxima-nova-n4, proxima-nova, Helvetica, Arial, sans-serif; font-size: 16px; background-color: #ffffff;\"><span style=\"margin: 0px; padding: 0px; font-weight: bold;\">For example</span>:</p>\r\n<ul style=\"margin: 0px; padding: 0px; list-style: none; color: #333333; font-family: proxima-nova-n4, proxima-nova, Helvetica, Arial, sans-serif; font-size: 16px; background-color: #ffffff;\">\r\n<li style=\"margin: 0px 0px 0px 25px; padding: 0px; list-style: disc; line-height: 20px;\">\r\n<p style=\"margin: 0px 0px 10px; padding: 0px;\">A triangle is a 3 sided shape, and the measure of its 3 interior angles is 180˚</p>\r\n</li>\r\n<li style=\"margin: 0px 0px 0px 25px; padding: 0px; list-style: disc; line-height: 20px;\">\r\n<p style=\"margin: 0px 0px 10px; padding: 0px;\">A square, rectangle or quadrilateral are 4 sided shapes, and the measure of their interior angles is 360˚</p>\r\n</li>\r\n<li style=\"margin: 0px 0px 0px 25px; padding: 0px; list-style: disc; line-height: 20px;\">\r\n<p style=\"margin: 0px 0px 10px; padding: 0px;\">Other polygons like the pentagon, hexagon, heptagon, octagon have 5, 6, 7, 8 sides respectively and varying angles.</p>\r\n</li>\r\n</ul>\r\n<p style=\"margin: 0px 0px 10px; padding: 0px; color: #333333; font-family: proxima-nova-n4, proxima-nova, Helvetica, Arial, sans-serif; font-size: 16px; background-color: #ffffff;\">&nbsp;</p>\r\n<p style=\"margin: 0px 0px 10px; padding: 0px; color: #333333; font-family: proxima-nova-n4, proxima-nova, Helvetica, Arial, sans-serif; font-size: 16px; background-color: #ffffff;\">Examples of different&nbsp;<a style=\"margin: 0px; padding: 0px; background: 0px 0px; cursor: pointer; color: #0088cc; text-decoration-line: none; outline: none; user-select: none; border: 0px;\" href=\"https://www.splashlearn.com/math-vocabulary/geometry/polygon\" target=\"_blank\" rel=\"noopener\">Polygons</a>&nbsp;with their angles and&nbsp;<a style=\"margin: 0px; padding: 0px; background: 0px 0px; cursor: pointer; color: #0088cc; text-decoration-line: none; outline: none; user-select: none; border: 0px;\" href=\"https://www.splashlearn.com/math-vocabulary/geometry/side\" target=\"_blank\" rel=\"noopener\">sides</a></p>\r\n<p style=\"margin: 0px 0px 10px; padding: 0px; color: #333333; font-family: proxima-nova-n4, proxima-nova, Helvetica, Arial, sans-serif; font-size: 16px; background-color: #ffffff;\"><img style=\"margin: 0px; padding: 0px; border: 0px; max-width: 100%; height: auto; vertical-align: middle; outline: none;\" src=\"https://cdn-skill.splashmath.com/panel-uploads/GlossaryTerm/41205462580d41f890ff32a3439c8eec/1563160750_examples-of-angles.png\" alt=\"examples of angles\" width=\"680\" height=\"195\" /></p>\r\n<p style=\"margin: 0px 0px 10px; padding: 0px; color: #333333; font-family: proxima-nova-n4, proxima-nova, Helvetica, Arial, sans-serif; font-size: 16px; background-color: #ffffff;\">We learn various aspects of shapes, like the measurement of angles, length of sides, area, volume, etc in geometry.</p>\r\n<p style=\"margin: 0px 0px 10px; padding: 0px; color: #333333; font-family: proxima-nova-n4, proxima-nova, Helvetica, Arial, sans-serif; font-size: 16px; background-color: #ffffff;\">&nbsp;</p>\r\n<p style=\"margin: 0px 0px 10px; padding: 0px; color: #333333; font-family: proxima-nova-n4, proxima-nova, Helvetica, Arial, sans-serif; font-size: 16px; background-color: #ffffff;\">Similarity and congruence are two important aspects of geometry.</p>\r\n<p style=\"margin: 0px 0px 10px; padding: 0px; color: #333333; font-family: proxima-nova-n4, proxima-nova, Helvetica, Arial, sans-serif; font-size: 16px; background-color: #ffffff;\"><span style=\"margin: 0px; padding: 0px; font-weight: bold;\">Similarity</span>: Similarity is when two shapes are the same but their sizes may vary.&nbsp;</p>\r\n<p style=\"margin: 0px 0px 10px; padding: 0px; color: #333333; font-family: proxima-nova-n4, proxima-nova, Helvetica, Arial, sans-serif; font-size: 16px; background-color: #ffffff;\"><img style=\"margin: 0px; padding: 0px; border: 0px; max-width: 100%; height: auto; vertical-align: middle; outline: none;\" src=\"https://cdn-skill.splashmath.com/panel-uploads/GlossaryTerm/41205462580d41f890ff32a3439c8eec/1563160751_similar-triangles.png\" alt=\"similar triangles\" width=\"680\" height=\"195\" /></p>\r\n<p style=\"margin: 0px 0px 10px; padding: 0px; color: #333333; font-family: proxima-nova-n4, proxima-nova, Helvetica, Arial, sans-serif; font-size: 16px; background-color: #ffffff;\"><span style=\"margin: 0px; padding: 0px; font-weight: bold;\">Congruence</span>: Congruence is when two shapes are exactly the same in shape and size.&nbsp;</p>\r\n<p style=\"margin: 0px 0px 10px; padding: 0px; color: #333333; font-family: proxima-nova-n4, proxima-nova, Helvetica, Arial, sans-serif; font-size: 16px; background-color: #ffffff;\">&nbsp;</p>\r\n<p style=\"margin: 0px 0px 10px; padding: 0px; color: #333333; font-family: proxima-nova-n4, proxima-nova, Helvetica, Arial, sans-serif; font-size: 16px; background-color: #ffffff;\"><span style=\"margin: 0px; padding: 0px; font-weight: bold;\">Coordinate Plane</span>:</p>\r\n<ul style=\"margin: 0px; padding: 0px; list-style: none; color: #333333; font-family: proxima-nova-n4, proxima-nova, Helvetica, Arial, sans-serif; font-size: 16px; background-color: #ffffff;\">\r\n<li style=\"margin: 0px 0px 0px 25px; padding: 0px; list-style: disc; line-height: 20px;\">\r\n<p style=\"margin: 0px 0px 10px; padding: 0px;\">A&nbsp;<a style=\"margin: 0px; padding: 0px; background: 0px 0px; cursor: pointer; color: #0088cc; text-decoration-line: none; outline: none; user-select: none; border: 0px;\" href=\"https://www.splashlearn.com/math-vocabulary/geometry/coordinate-plane\" target=\"_blank\" rel=\"noopener\">coordinate plane</a>&nbsp;is a 2D surface formed by using two number lines that intersect each other at the right angle.</p>\r\n</li>\r\n<li style=\"margin: 0px 0px 0px 25px; padding: 0px; list-style: disc; line-height: 20px;\">\r\n<p style=\"margin: 0px 0px 10px; padding: 0px;\">The horizontal number line is the x-axis, and the vertical number line is the y-axis.</p>\r\n</li>\r\n<li style=\"margin: 0px 0px 0px 25px; padding: 0px; list-style: disc; line-height: 20px;\">\r\n<p style=\"margin: 0px 0px 10px; padding: 0px;\">The intersection of the two axes is the (0,0) coordinate.</p>\r\n</li>\r\n<li style=\"margin: 0px 0px 0px 25px; padding: 0px; list-style: disc; line-height: 20px;\">\r\n<p style=\"margin: 0px 0px 10px; padding: 0px;\">Using the coordinate plane, we plot points, lines, etc. By joining various points on the coordinate plane, we can create shapes.</p>\r\n</li>\r\n</ul>', '../assets/images/maxresdefault.jpg', 1, '2020-10-24 17:08:42'),
(25, 6, 'Number theory', 'Number theory is the study of properties of the integers. Because of the fundamental nature of the integers in mathematics, and the fundamental nature of mathematics in science, the famous mathematician and physicist Gauss wrote:', '<p style=\"margin: 0.5em 0px; color: #202122; font-family: sans-serif; font-size: 14px; background-color: #ffffff;\"><strong>Number theory</strong>&nbsp;(or&nbsp;<strong>arithmetic</strong>&nbsp;or&nbsp;<strong>higher arithmetic</strong>&nbsp;in older usage) is a branch of&nbsp;<a style=\"text-decoration-line: none; color: #0b0080; background: none;\" title=\"Pure mathematics\" href=\"https://en.wikipedia.org/wiki/Pure_mathematics\">pure mathematics</a>&nbsp;devoted primarily to the study of the&nbsp;<a style=\"text-decoration-line: none; color: #0b0080; background: none;\" title=\"Integer\" href=\"https://en.wikipedia.org/wiki/Integer\">integers</a>&nbsp;and&nbsp;<a style=\"text-decoration-line: none; color: #0b0080; background: none;\" title=\"Arithmetic function\" href=\"https://en.wikipedia.org/wiki/Arithmetic_function\">integer-valued functions</a>. German mathematician&nbsp;<a style=\"text-decoration-line: none; color: #0b0080; background: none;\" title=\"Carl Friedrich Gauss\" href=\"https://en.wikipedia.org/wiki/Carl_Friedrich_Gauss\">Carl Friedrich Gauss</a>&nbsp;(1777&ndash;1855) said, \"Mathematics is the queen of the sciences&mdash;and number theory is the queen of mathematics.\"<sup id=\"cite_ref-FOOTNOTELong19721_1-0\" class=\"reference\" style=\"line-height: 1; unicode-bidi: isolate; white-space: nowrap; font-size: 11.2px;\"><a style=\"text-decoration-line: none; color: #0b0080; background: none;\" href=\"https://en.wikipedia.org/wiki/Number_theory#cite_note-FOOTNOTELong19721-1\">[1]</a></sup>&nbsp;Number theorists study&nbsp;<a style=\"text-decoration-line: none; color: #0b0080; background: none;\" title=\"Prime number\" href=\"https://en.wikipedia.org/wiki/Prime_number\">prime numbers</a>&nbsp;as well as the properties of mathematical objects made out of integers (for example,&nbsp;<a style=\"text-decoration-line: none; color: #0b0080; background: none;\" title=\"Rational number\" href=\"https://en.wikipedia.org/wiki/Rational_number\">rational numbers</a>) or defined as generalizations of the integers (for example,&nbsp;<a style=\"text-decoration-line: none; color: #0b0080; background: none;\" title=\"Algebraic integer\" href=\"https://en.wikipedia.org/wiki/Algebraic_integer\">algebraic integers</a>).</p>\r\n<p style=\"margin: 0.5em 0px; color: #202122; font-family: sans-serif; font-size: 14px; background-color: #ffffff;\">Integers can be considered either in themselves or as solutions to equations (<a style=\"text-decoration-line: none; color: #0b0080; background: none;\" title=\"Diophantine geometry\" href=\"https://en.wikipedia.org/wiki/Diophantine_geometry\">Diophantine geometry</a>). Questions in number theory are often best understood through the study of&nbsp;<a style=\"text-decoration-line: none; color: #0b0080; background: none;\" title=\"Complex analysis\" href=\"https://en.wikipedia.org/wiki/Complex_analysis\">analytical</a>&nbsp;objects (for example, the&nbsp;<a style=\"text-decoration-line: none; color: #0b0080; background: none;\" title=\"Riemann zeta function\" href=\"https://en.wikipedia.org/wiki/Riemann_zeta_function\">Riemann zeta function</a>) that encode properties of the integers, primes or other number-theoretic objects in some fashion (<a style=\"text-decoration-line: none; color: #0b0080; background: none;\" title=\"Analytic number theory\" href=\"https://en.wikipedia.org/wiki/Analytic_number_theory\">analytic number theory</a>). One may also study&nbsp;<a style=\"text-decoration-line: none; color: #0b0080; background: none;\" title=\"Real number\" href=\"https://en.wikipedia.org/wiki/Real_number\">real numbers</a>&nbsp;in relation to rational numbers, for example, as approximated by the latter (<a style=\"text-decoration-line: none; color: #0b0080; background: none;\" title=\"Diophantine approximation\" href=\"https://en.wikipedia.org/wiki/Diophantine_approximation\">Diophantine approximation</a>).</p>\r\n<p style=\"margin: 0.5em 0px; color: #202122; font-family: sans-serif; font-size: 14px; background-color: #ffffff;\">The older term for number theory is&nbsp;<em>arithmetic</em>. By the early twentieth century, it had been superseded by \"number theory\".<sup id=\"cite_ref-2\" class=\"reference\" style=\"line-height: 1; unicode-bidi: isolate; white-space: nowrap; font-size: 11.2px;\"><a style=\"text-decoration-line: none; color: #0b0080; background: none;\" href=\"https://en.wikipedia.org/wiki/Number_theory#cite_note-2\">[note 1]</a></sup>&nbsp;(The word \"<a style=\"text-decoration-line: none; color: #0b0080; background: none;\" title=\"Arithmetic\" href=\"https://en.wikipedia.org/wiki/Arithmetic\">arithmetic</a>\" is used by the general public to mean \"<a style=\"text-decoration-line: none; color: #0b0080; background: none;\" title=\"Elementary arithmetic\" href=\"https://en.wikipedia.org/wiki/Elementary_arithmetic\">elementary calculations</a>\"; it has also acquired other meanings in&nbsp;<a style=\"text-decoration-line: none; color: #0b0080; background: none;\" title=\"Mathematical logic\" href=\"https://en.wikipedia.org/wiki/Mathematical_logic\">mathematical logic</a>, as in&nbsp;<em><a class=\"mw-redirect\" style=\"text-decoration-line: none; color: #0b0080; background: none;\" title=\"Peano arithmetic\" href=\"https://en.wikipedia.org/wiki/Peano_arithmetic\">Peano arithmetic</a></em>, and&nbsp;<a style=\"text-decoration-line: none; color: #0b0080; background: none;\" title=\"Computer science\" href=\"https://en.wikipedia.org/wiki/Computer_science\">computer science</a>, as in&nbsp;<em><a class=\"mw-redirect\" style=\"text-decoration-line: none; color: #0b0080; background: none;\" title=\"Floating point\" href=\"https://en.wikipedia.org/wiki/Floating_point\">floating point arithmetic</a></em>.) The use of the term&nbsp;<em>arithmetic</em>&nbsp;for&nbsp;<em>number theory</em>&nbsp;regained some ground in the second half of the 20th century, arguably in part due to French influence.<sup id=\"cite_ref-3\" class=\"reference\" style=\"line-height: 1; unicode-bidi: isolate; white-space: nowrap; font-size: 11.2px;\"><a style=\"text-decoration-line: none; color: #0b0080; background: none;\" href=\"https://en.wikipedia.org/wiki/Number_theory#cite_note-3\">[note 2]</a></sup>&nbsp;In particular,&nbsp;<em>arithmetical</em>&nbsp;is preferred as an adjective to&nbsp;<em>number-theoretic</em>.<sup class=\"noprint Inline-Template\" style=\"line-height: 1; font-size: 11.2px; white-space: nowrap;\">[<em><a style=\"text-decoration-line: none; color: #0b0080; background: none;\" title=\"Wikipedia:Manual of Style/Words to watch\" href=\"https://en.wikipedia.org/wiki/Wikipedia:Manual_of_Style/Words_to_watch#Unsupported_attributions\"><span title=\"The material near this tag may use weasel words or too-vague attribution. (September 2020)\">by whom?</span></a></em>]</sup></p>', '../assets/images/number_theory_resize_md.jpg', 1, '2020-10-24 17:16:39');
INSERT INTO `posts` (`id`, `category_id`, `post_title`, `short_description`, `description`, `image`, `status`, `created_at`) VALUES
(26, 5, 'Human Body', 'Human body, the physical substance of the human organism, composed of living cells and extracellular materials and organized into tissues, organs, and systems.', '<h2 style=\"box-sizing: border-box; font-family: Roboto, sans-serif; font-weight: 400; line-height: 1.1; color: #813588; margin-top: 20px; margin-bottom: 10px; font-size: 21px; background-color: #ffffff;\">About Human Body</h2>\r\n<p style=\"box-sizing: border-box; margin: 0px 0px 10px; color: #333333; font-family: Roboto, sans-serif; font-size: 14px; background-color: #ffffff;\">If we were to &ldquo;break apart&rdquo; the human body at the microscopic level, then the cell would constitute the most basic unit of life.</p>\r\n<p style=\"box-sizing: border-box; margin: 0px 0px 10px; color: #333333; font-family: Roboto, sans-serif; font-size: 14px; background-color: #ffffff;\">The average adult has somewhere between 30 &ndash; 40 trillion cells, and an estimated 242 billion new cells are produced every day. When a select group of cells with similar functions come together, it forms a tissue.</p>\r\n<p style=\"box-sizing: border-box; margin: 0px 0px 10px; color: #333333; font-family: Roboto, sans-serif; font-size: 14px; background-color: #ffffff;\">Tissues cumulate into organs, organ systems and eventually, an individual organism.</p>\r\n<p style=\"box-sizing: border-box; margin: 0px 0px 10px; color: #333333; font-family: Roboto, sans-serif; font-size: 14px; background-color: #ffffff; text-align: center;\" align=\"justify\"><strong style=\"box-sizing: border-box;\">Cells -&gt; Tissues -&gt; Organs -&gt; Organ System -&gt; Organism</strong></p>\r\n<ul style=\"box-sizing: border-box; margin-top: 0px; margin-bottom: 10px; color: #333333; font-family: Roboto, sans-serif; font-size: 14px; background-color: #ffffff;\">\r\n<li style=\"box-sizing: border-box; list-style-type: disc; margin-bottom: 5px;\"><a style=\"box-sizing: border-box; background-color: transparent; color: #73ad21; text-decoration-line: none;\" href=\"https://byjus.com/#human-anatomy\">Human Anatomy</a></li>\r\n<li style=\"box-sizing: border-box; list-style-type: disc; margin-bottom: 5px;\"><a style=\"box-sizing: border-box; background-color: transparent; color: #73ad21; text-decoration-line: none;\" href=\"https://byjus.com/#human-physiology\">Human Physiology</a>\r\n<ul style=\"box-sizing: border-box; margin-top: 0px; margin-bottom: 0px;\">\r\n<li style=\"box-sizing: border-box; list-style-type: disc; margin-bottom: 5px;\"><a style=\"box-sizing: border-box; background-color: transparent; color: #73ad21; text-decoration-line: none;\" href=\"https://byjus.com/#circulatory-system\">Circulatory System</a></li>\r\n<li style=\"box-sizing: border-box; list-style-type: disc; margin-bottom: 5px;\"><a style=\"box-sizing: border-box; background-color: transparent; color: #73ad21; text-decoration-line: none;\" href=\"https://byjus.com/#digestive-system\">Digestive System</a></li>\r\n<li style=\"box-sizing: border-box; list-style-type: disc; margin-bottom: 5px;\"><a style=\"box-sizing: border-box; background-color: transparent; color: #73ad21; text-decoration-line: none;\" href=\"https://byjus.com/#reproductive-system\">Reproductive System</a></li>\r\n<li style=\"box-sizing: border-box; list-style-type: disc; margin-bottom: 5px;\"><a style=\"box-sizing: border-box; background-color: transparent; color: #73ad21; text-decoration-line: none;\" href=\"https://byjus.com/#respiratory-system\">Respiratory System</a></li>\r\n<li style=\"box-sizing: border-box; list-style-type: disc; margin-bottom: 5px;\"><a style=\"box-sizing: border-box; background-color: transparent; color: #73ad21; text-decoration-line: none;\" href=\"https://byjus.com/#nervous-system\">Nervous System</a></li>\r\n</ul>\r\n</li>\r\n<li style=\"box-sizing: border-box; list-style-type: disc; margin-bottom: 5px;\"><a style=\"box-sizing: border-box; background-color: transparent; color: #73ad21; text-decoration-line: none;\" href=\"https://byjus.com/#key-points-about-the-human-body\">Key Points About the Human Body</a></li>\r\n</ul>\r\n<div id=\"human-anatomy\" style=\"box-sizing: border-box; color: #333333; font-family: Roboto, sans-serif; font-size: 14px; background-color: #ffffff;\">\r\n<h2 style=\"box-sizing: border-box; font-family: inherit; font-weight: 400; line-height: 1.1; color: #813588; margin-top: 20px; margin-bottom: 10px; font-size: 21px;\">Human Anatomy</h2>\r\n</div>\r\n<h3 style=\"box-sizing: border-box; font-family: Roboto, sans-serif; font-weight: 400; line-height: 1.1; color: #813588; margin-top: 20px; margin-bottom: 10px; font-size: 19px; background-color: #ffffff;\">Skeleton</h3>\r\n<p style=\"box-sizing: border-box; margin: 0px 0px 10px; color: #333333; font-family: Roboto, sans-serif; font-size: 14px; background-color: #ffffff;\">The human body exhibits a variety of movements from walking, bending and crawling to running, jumping and climbing. The framework that enables us to do all these activities is the skeleton. Humans have as much as 300 bones at birth. However, the bones start to fuse with age. At adulthood, the total number of bones is reduced to 206.</p>\r\n<div id=\"attachment_1084197\" class=\"wp-caption aligncenter\" style=\"box-sizing: border-box; margin: 5px auto; clear: both; background: rgba(255, 255, 255, 0.8); border: 1px solid rgba(255, 255, 255, 0.95); max-width: 96%; padding: 5px; text-align: center; box-shadow: rgba(0, 0, 0, 0.05) 0px 3px 3px; height: auto; color: #333333; font-family: Roboto, sans-serif; font-size: 14px; width: 760px;\"><img style=\"box-sizing: border-box; border: 0px none; vertical-align: middle; box-shadow: none; height: auto; padding: 0px; background-image: initial; background-position: initial; background-size: initial; background-repeat: initial; background-attachment: initial; background-origin: initial; background-clip: initial; margin: 0px; max-width: 100%; width: auto;\" title=\"Human Anatomy and Physiology\" src=\"https://cdn1.byjus.com/wp-content/uploads/2019/05/human-anatomy-and-physiology.png\" alt=\"Human Anatomy and Physiology\" width=\"750\" height=\"777\" />\r\n<p class=\"wp-caption-text\" style=\"box-sizing: border-box; margin: 10px 0px 0px; line-height: 17px; padding: 0px 4px 5px;\">Human Anatomy is the scientific study of form and shapes of human beings</p>\r\n</div>\r\n<p style=\"box-sizing: border-box; margin: 0px 0px 10px; color: #333333; font-family: Roboto, sans-serif; font-size: 14px; background-color: #ffffff;\">The skeleton also protects several vital organs such as the heart, lungs and the liver. Bones are attached to other bones through ligaments, a fibrous connective tissue.</p>\r\n<p style=\"box-sizing: border-box; margin: 0px 0px 10px; color: #333333; font-family: Roboto, sans-serif; font-size: 14px; background-color: #ffffff;\">Joints are points at which two bones meet. They enable a range of movements like rotation, abduction, adduction, protraction, retraction and more. Based on flexibility and mobility, joints can be further classified into movable joints and immovable joints. Movable joints are flexible while immovable joints (also called fixed joints) are non-flexible since the bones are fused.</p>\r\n<h3 style=\"box-sizing: border-box; font-family: Roboto, sans-serif; font-weight: 400; line-height: 1.1; color: #813588; margin-top: 20px; margin-bottom: 10px; font-size: 19px; background-color: #ffffff;\">Muscles</h3>\r\n<p style=\"box-sizing: border-box; margin: 0px 0px 10px; color: #333333; font-family: Roboto, sans-serif; font-size: 14px; background-color: #ffffff;\">Muscles are specialised tissues which assist the bones in locomotion. Muscles are attached to the bones through tendons. Movement of limbs happens due to the contraction and relaxation of the corresponding muscles present in that region. Joints help in the flexibility of bones, but a bone cannot be bent or stretched until a muscle acts on it. In other words, the muscles attached to that bone pulls it to the direction of movement.</p>\r\n<p style=\"box-sizing: border-box; margin: 0px 0px 10px; color: #333333; font-family: Roboto, sans-serif; font-size: 14px; background-color: #ffffff;\">Furthermore, most movement involves muscles that work as a pair. For example, when we bend our arm, muscles in that region contract, become shorter and stiffer and pull the bones to the direction of movement. For relaxation (stretching), muscles in the opposite direction have to pull the bones towards it.</p>\r\n<p style=\"box-sizing: border-box; margin: 0px 0px 10px; color: #333333; font-family: Roboto, sans-serif; font-size: 14px; background-color: #ffffff;\"><strong style=\"box-sizing: border-box;\">Also Read:&nbsp;</strong><a style=\"box-sizing: border-box; background-color: transparent; color: #73ad21; text-decoration-line: none;\" href=\"https://byjus.com/biology/liver/\">What is Liver</a></p>\r\n<h2 style=\"box-sizing: border-box; font-family: Roboto, sans-serif; font-weight: 400; line-height: 1.1; color: #813588; margin-top: 20px; margin-bottom: 10px; font-size: 21px; background-color: #ffffff;\">List of Human Body Parts</h2>\r\n<ul style=\"box-sizing: border-box; margin-top: 0px; margin-bottom: 10px; color: #333333; font-family: Roboto, sans-serif; font-size: 14px; background-color: #ffffff;\">\r\n<li style=\"box-sizing: border-box; list-style-type: disc; margin-bottom: 5px;\">Human body parts comprise a head, neck and four limbs that are connected to a torso.</li>\r\n<li style=\"box-sizing: border-box; list-style-type: disc; margin-bottom: 5px;\">Giving the body its shape is the skeleton, which is composed of cartilage and bone.</li>\r\n<li style=\"box-sizing: border-box; list-style-type: disc; margin-bottom: 5px;\">Human body internal parts such as the lungs, heart, and brain, are enclosed within the skeletal system and are housed within the different internal body cavities.</li>\r\n<li style=\"box-sizing: border-box; list-style-type: disc; margin-bottom: 5px;\">The spinal cord connects the brain with the rest of the body.</li>\r\n</ul>\r\n<h2 style=\"box-sizing: border-box; font-family: Roboto, sans-serif; font-weight: 400; line-height: 1.1; color: #813588; margin-top: 20px; margin-bottom: 10px; font-size: 21px; background-color: #ffffff;\">Human Body Structure</h2>\r\n<p style=\"box-sizing: border-box; margin: 0px 0px 10px; color: #333333; font-family: Roboto, sans-serif; font-size: 14px; background-color: #ffffff;\">There are different cavities in the human body that house various organ systems.</p>\r\n<ol style=\"box-sizing: border-box; margin-top: 0px; margin-bottom: 10px; color: #333333; font-family: Roboto, sans-serif; font-size: 14px; background-color: #ffffff;\">\r\n<li style=\"box-sizing: border-box;\">The cranial cavity is the space within the skull, it protects the brain and other parts of the central nervous system.</li>\r\n<li style=\"box-sizing: border-box;\">The lungs are protected in the pleural cavity.</li>\r\n<li style=\"box-sizing: border-box;\">The abdominal cavity houses the intestines, liver and spleen.</li>\r\n</ol>\r\n<p style=\"box-sizing: border-box; margin: 0px 0px 10px; color: #333333; font-family: Roboto, sans-serif; font-size: 14px; background-color: #ffffff;\">Humans have evolved separately from other animals, but since we share a distant common ancestor, we mostly have a body plan that is similar to other organisms, with just the muscles and bones in different proportions.</p>\r\n<p style=\"box-sizing: border-box; margin: 0px 0px 10px; color: #333333; font-family: Roboto, sans-serif; font-size: 14px; background-color: #ffffff;\">For example, we might assume giraffes have more vertebrae in its neck than humans. No, despite being incredibly tall,&nbsp;giraffes&nbsp;have the same number of vertebrae, i.e. they also have seven vertebrae in&nbsp;their neck.</p>\r\n<p style=\"box-sizing: border-box; margin: 0px 0px 10px; color: #333333; font-family: Roboto, sans-serif; font-size: 14px; background-color: #ffffff;\">One of the most prominent characteristic features is the ability to use our hands, especially for tasks that require dexterity, such as writing, opening a bottle of water, opening a doorknob, etc.</p>\r\n<p style=\"box-sizing: border-box; margin: 0px 0px 10px; color: #333333; font-family: Roboto, sans-serif; font-size: 14px; background-color: #ffffff;\">This is the result of humans having ancestors that began walking on their hind limbs rather than using all four limbs. Most of our anatomical insight was gained through the dissection of corpses (cadavers), and for a long time, it was the only way we could gain anatomical knowledge about the human body. It was a rather grotesque affair, but it made up the bulk of medical literature for centuries. These days, technological innovation has made it possible to explore human anatomy at a microscopic level.</p>\r\n<p style=\"box-sizing: border-box; margin: 0px 0px 10px; color: #333333; font-family: Roboto, sans-serif; font-size: 14px; background-color: #ffffff;\">Even to this day, scientists are newly discovering organs that were previously overlooked or have been mistakenly identified as other existing tissues. In 2018, scientists had discovered a new, body-wide organ called the Interstitium that exists right under the skin.</p>\r\n<div id=\"human-physiology\" style=\"box-sizing: border-box; color: #333333; font-family: Roboto, sans-serif; font-size: 14px; background-color: #ffffff;\">\r\n<h2 style=\"box-sizing: border-box; font-family: inherit; font-weight: 400; line-height: 1.1; color: #813588; margin-top: 20px; margin-bottom: 10px; font-size: 21px;\">Human Physiology</h2>\r\n</div>\r\n<p style=\"box-sizing: border-box; margin: 0px 0px 10px; color: #333333; font-family: Roboto, sans-serif; font-size: 14px; background-color: #ffffff;\">It is referred to the physical, mechanical, and biochemical function of humans. This connects health, medicine, and science in a way that studies how the human body acquaints itself to physical activity, stress, and diseases.</p>\r\n<p style=\"box-sizing: border-box; margin: 0px 0px 10px; color: #333333; font-family: Roboto, sans-serif; font-size: 14px; background-color: #ffffff;\">The person who is trained to study human physiology is called a physiologist. Claude Bernard is referred to as the father of Physiology for his exemplary research.</p>\r\n<p style=\"box-sizing: border-box; margin: 0px 0px 10px; color: #333333; font-family: Roboto, sans-serif; font-size: 14px; background-color: #ffffff;\"><strong style=\"box-sizing: border-box;\">Read More:</strong>&nbsp;<a style=\"box-sizing: border-box; background-color: transparent; color: #73ad21; text-decoration-line: none;\" href=\"https://byjus.com/biology/physiology/\">Physiology</a></p>\r\n<h3 style=\"box-sizing: border-box; font-family: Roboto, sans-serif; font-weight: 400; line-height: 1.1; color: #813588; margin-top: 20px; margin-bottom: 10px; font-size: 19px; background-color: #ffffff;\">Human Body Parts and their Functions</h3>\r\n<p style=\"box-sizing: border-box; margin: 0px 0px 10px; color: #333333; font-family: Roboto, sans-serif; font-size: 14px; background-color: #ffffff;\">The list of human body parts vary as the standard definition of an organ is still up for debate. However, there are an estimated 79 organs identified to date. We also possess organs that have &ldquo;lost&rdquo; their function throughout our evolution. Such organs are called vestigial organs.</p>\r\n<p style=\"box-sizing: border-box; margin: 0px 0px 10px; color: #333333; font-family: Roboto, sans-serif; font-size: 14px; background-color: #ffffff;\">Some of these organs work together and form systems that are specialised to perform a specific function or a set of functions. Collectively, these are known as organ systems.</p>\r\n<p style=\"box-sizing: border-box; margin: 0px 0px 10px; color: #333333; font-family: Roboto, sans-serif; font-size: 14px; background-color: #ffffff;\">And out of these 79 organs, five are crucial for survival, and any damage to these five organs might result in termination of life. These five crucial human body parts are the brain, heart, liver, lungs and kidneys. Read on to explore more about these body parts and their functions in detail:</p>\r\n<div id=\"circulatory-system\" style=\"box-sizing: border-box; color: #333333; font-family: Roboto, sans-serif; font-size: 14px; background-color: #ffffff;\">\r\n<h3 style=\"box-sizing: border-box; font-family: inherit; font-weight: 400; line-height: 1.1; color: #813588; margin-top: 20px; margin-bottom: 10px; font-size: 19px;\">Circulatory System</h3>\r\n</div>\r\n<p style=\"box-sizing: border-box; margin: 0px 0px 10px; color: #333333; font-family: Roboto, sans-serif; font-size: 14px; background-color: #ffffff;\">The&nbsp;<strong style=\"box-sizing: border-box;\"><a style=\"box-sizing: border-box; background-color: transparent; color: #73ad21; text-decoration-line: none;\" title=\"Find out how the circulatory system is important for the human body\" href=\"https://byjus.com/biology/circulatory-system/\">circulatory system</a></strong>&nbsp;is also referred to as the cardiovascular system. It comprises the heart and all the blood vessels: arteries, capillaries, and veins. There are essentially two components of circulation, namely:</p>\r\n<ul style=\"box-sizing: border-box; margin-top: 0px; margin-bottom: 10px; color: #333333; font-family: Roboto, sans-serif; font-size: 14px; background-color: #ffffff;\">\r\n<li style=\"box-sizing: border-box; list-style-type: disc; margin-bottom: 5px;\">Systemic circulation</li>\r\n<li style=\"box-sizing: border-box; list-style-type: disc; margin-bottom: 5px;\">Pulmonary circulation</li>\r\n</ul>\r\n<div id=\"attachment_1084198\" class=\"wp-caption aligncenter\" style=\"box-sizing: border-box; margin: 5px auto; clear: both; background: rgba(255, 255, 255, 0.8); border: 1px solid rgba(255, 255, 255, 0.95); max-width: 96%; padding: 5px; text-align: center; box-shadow: rgba(0, 0, 0, 0.05) 0px 3px 3px; height: auto; color: #333333; font-family: Roboto, sans-serif; font-size: 14px; width: 810px;\"><img class=\"wp-image-1084198\" style=\"box-sizing: border-box; border: 0px none; vertical-align: middle; box-shadow: none; height: auto; padding: 0px; background-image: initial; background-position: initial; background-size: initial; background-repeat: initial; background-attachment: initial; background-origin: initial; background-clip: initial; margin: 0px; max-width: 100%; width: auto;\" title=\"Human Circulatory System Diagram\" src=\"https://cdn1.byjus.com/wp-content/uploads/2019/05/human-circulatory-system.png\" sizes=\"(max-width: 800px) 100vw, 800px\" srcset=\"https://cdn1.byjus.com/wp-content/uploads/2019/05/human-circulatory-system.png 800w, https://cdn1.byjus.com/wp-content/uploads/2019/05/human-circulatory-system-250x165.png 250w, https://cdn1.byjus.com/wp-content/uploads/2019/05/human-circulatory-system-768x508.png 768w, https://cdn1.byjus.com/wp-content/uploads/2019/05/human-circulatory-system-700x463.png 700w, https://cdn1.byjus.com/wp-content/uploads/2019/05/human-circulatory-system-120x79.png 120w\" alt=\"Human Circulatory System Diagram\" width=\"800\" height=\"529\" />\r\n<p class=\"wp-caption-text\" style=\"box-sizing: border-box; margin: 10px 0px 0px; line-height: 17px; padding: 0px 4px 5px;\">Diagram showing pulmonary (<strong style=\"box-sizing: border-box;\">blue</strong>) and systemic circulation (<strong style=\"box-sizing: border-box;\">red</strong>)</p>\r\n</div>\r\n<p style=\"box-sizing: border-box; margin: 0px 0px 10px; color: #333333; font-family: Roboto, sans-serif; font-size: 14px; background-color: #ffffff;\">Besides these two, there is a third type of circulation called Coronary circulation. Because blood is the body&rsquo;s connective tissue, it helps to transport essential nutrients and minerals to the cells and waste byproducts away from it.</p>\r\n<p style=\"box-sizing: border-box; margin: 0px 0px 10px; color: #333333; font-family: Roboto, sans-serif; font-size: 14px; background-color: #ffffff;\">Hence, it is also known as the body&rsquo;s &ldquo;transport system.&rdquo; Anatomically, the&nbsp;<strong style=\"box-sizing: border-box;\"><a style=\"box-sizing: border-box; background-color: transparent; color: #73ad21; text-decoration-line: none;\" title=\"Heart is the most important organ of the human body. Explore more\" href=\"https://byjus.com/biology/human-heart/\">human heart</a></strong>&nbsp;is similar to other vertebrate hearts in the animal kingdom and hence, is a homologous organ.</p>\r\n<p style=\"box-sizing: border-box; margin: 0px 0px 10px; color: #333333; font-family: Roboto, sans-serif; font-size: 14px; background-color: #ffffff; padding-left: 30px;\"><strong style=\"box-sizing: border-box;\">Also Read:</strong>&nbsp;<a style=\"box-sizing: border-box; background-color: transparent; color: #73ad21; text-decoration-line: none;\" href=\"https://byjus.com/biology/double-circulation/\">Double Circulation</a></p>\r\n<div id=\"digestive-system\" style=\"box-sizing: border-box; color: #333333; font-family: Roboto, sans-serif; font-size: 14px; background-color: #ffffff;\">\r\n<h3 style=\"box-sizing: border-box; font-family: inherit; font-weight: 400; line-height: 1.1; color: #813588; margin-top: 20px; margin-bottom: 10px; font-size: 19px;\">Digestive System</h3>\r\n</div>\r\n<div id=\"attachment_1084199\" class=\"wp-caption aligncenter\" style=\"box-sizing: border-box; margin: 5px auto; clear: both; background: rgba(255, 255, 255, 0.8); border: 1px solid rgba(255, 255, 255, 0.95); max-width: 96%; padding: 5px; text-align: center; box-shadow: rgba(0, 0, 0, 0.05) 0px 3px 3px; height: auto; color: #333333; font-family: Roboto, sans-serif; font-size: 14px; width: 760px;\"><img class=\"wp-image-1084199\" style=\"box-sizing: border-box; border: 0px none; vertical-align: middle; box-shadow: none; height: auto; padding: 0px; background-image: initial; background-position: initial; background-size: initial; background-repeat: initial; background-attachment: initial; background-origin: initial; background-clip: initial; margin: 0px; max-width: 100%; width: auto;\" title=\"Human Digestive System Diagram\" src=\"https://cdn1.byjus.com/wp-content/uploads/2019/05/human-digestive-system.png\" sizes=\"(max-width: 750px) 100vw, 750px\" srcset=\"https://cdn1.byjus.com/wp-content/uploads/2019/05/human-digestive-system.png 750w, https://cdn1.byjus.com/wp-content/uploads/2019/05/human-digestive-system-250x277.png 250w, https://cdn1.byjus.com/wp-content/uploads/2019/05/human-digestive-system-700x776.png 700w, https://cdn1.byjus.com/wp-content/uploads/2019/05/human-digestive-system-120x133.png 120w\" alt=\"Human Digestive System Diagram\" width=\"750\" height=\"831\" />\r\n<p class=\"wp-caption-text\" style=\"box-sizing: border-box; margin: 10px 0px 0px; line-height: 17px; padding: 0px 4px 5px;\">A diagram of the human digestive system detailing various components</p>\r\n</div>\r\n<p style=\"box-sizing: border-box; margin: 0px 0px 10px; color: #333333; font-family: Roboto, sans-serif; font-size: 14px; background-color: #ffffff;\">The digestive system breaks down food and assimilates nutrients into the body, which the body then uses for growth and cell repair.</p>\r\n<p style=\"box-sizing: border-box; margin: 0px 0px 10px; color: #333333; font-family: Roboto, sans-serif; font-size: 14px; background-color: #ffffff;\">The major components of the digestive system are:</p>\r\n<ul style=\"box-sizing: border-box; margin-top: 0px; margin-bottom: 10px; color: #333333; font-family: Roboto, sans-serif; font-size: 14px; background-color: #ffffff;\">\r\n<li style=\"box-sizing: border-box; list-style-type: disc; margin-bottom: 5px;\">Mouth</li>\r\n<li style=\"box-sizing: border-box; list-style-type: disc; margin-bottom: 5px;\">Teeth</li>\r\n<li style=\"box-sizing: border-box; list-style-type: disc; margin-bottom: 5px;\">Tongue</li>\r\n<li style=\"box-sizing: border-box; list-style-type: disc; margin-bottom: 5px;\">Oesophagus</li>\r\n<li style=\"box-sizing: border-box; list-style-type: disc; margin-bottom: 5px;\">Stomach</li>\r\n<li style=\"box-sizing: border-box; list-style-type: disc; margin-bottom: 5px;\">Liver</li>\r\n<li style=\"box-sizing: border-box; list-style-type: disc; margin-bottom: 5px;\">Pancreas</li>\r\n<li style=\"box-sizing: border-box; list-style-type: disc; margin-bottom: 5px;\">Gastrointestinal tract</li>\r\n<li style=\"box-sizing: border-box; list-style-type: disc; margin-bottom: 5px;\">Small and large intestines</li>\r\n<li style=\"box-sizing: border-box; list-style-type: disc; margin-bottom: 5px;\">Rectum</li>\r\n</ul>\r\n<p style=\"box-sizing: border-box; margin: 0px 0px 10px; color: #333333; font-family: Roboto, sans-serif; font-size: 14px; background-color: #ffffff;\">The process of digestion starts with mastication (chewing food). Then, the saliva mixes with food and forms a bolus, a small rounded mass that can be easily swallowed. Once swallowed, the food travels down the oesophagus and into the stomach. The stomach secretes strong acids and powerful enzymes that break the food down into a paste.</p>\r\n<p style=\"box-sizing: border-box; margin: 0px 0px 10px; color: #333333; font-family: Roboto, sans-serif; font-size: 14px; background-color: #ffffff;\">It then moves into the small intestine where the food is broken down even more because of the bile secreted by the liver and powerful, digestive enzymes from the pancreas. This is the stage at which nutrients are absorbed from the food.</p>\r\n<p style=\"box-sizing: border-box; margin: 0px 0px 10px; color: #333333; font-family: Roboto, sans-serif; font-size: 14px; background-color: #ffffff;\">The leftover materials (stool) then move on to the large intestine where it transforms from liquid to solid, as water is removed. Finally, it gets pushed into the rectum, ready to be eliminated from the body.</p>\r\n<p style=\"box-sizing: border-box; margin: 0px 0px 10px; color: #333333; font-family: Roboto, sans-serif; font-size: 14px; background-color: #ffffff; padding-left: 30px;\"><strong style=\"box-sizing: border-box;\">Explore:</strong>&nbsp;<a style=\"box-sizing: border-box; background-color: transparent; color: #73ad21; text-decoration-line: none;\" href=\"https://byjus.com/biology/alimentary-canal-anatomy/\">The Structure and Function of the Alimentary Canal</a></p>\r\n<div id=\"reproductive-system\" style=\"box-sizing: border-box; color: #333333; font-family: Roboto, sans-serif; font-size: 14px; background-color: #ffffff;\">\r\n<h3 style=\"box-sizing: border-box; font-family: inherit; font-weight: 400; line-height: 1.1; color: #813588; margin-top: 20px; margin-bottom: 10px; font-size: 19px;\">Reproductive System</h3>\r\n</div>\r\n<p style=\"box-sizing: border-box; margin: 0px 0px 10px; color: #333333; font-family: Roboto, sans-serif; font-size: 14px; background-color: #ffffff;\">The human reproductive system is also known as the genital system that comprises internal and external organs that help in reproduction. It varies for both males and females. Hormones, fluids, and pheromones are all connective accessories for the reproductive organs to function.</p>\r\n<h4 style=\"box-sizing: border-box; font-family: Roboto, sans-serif; font-weight: 400; line-height: 1.1; color: #333333; margin-top: 10px; margin-bottom: 10px; font-size: 17px; background-color: #ffffff;\">Female Reproductive System</h4>\r\n<p style=\"box-sizing: border-box; margin: 0px 0px 10px; color: #333333; font-family: Roboto, sans-serif; font-size: 14px; background-color: #ffffff;\">The&nbsp;<a style=\"box-sizing: border-box; background-color: transparent; color: #73ad21; text-decoration-line: none;\" title=\"Human body Reproduction - The female reproductive system\" href=\"https://byjus.com/biology/female-reproductive-system/\"><strong style=\"box-sizing: border-box;\">female reproductive system</strong></a>&nbsp;consists of the following:</p>\r\n<ul style=\"box-sizing: border-box; margin-top: 0px; margin-bottom: 10px; color: #333333; font-family: Roboto, sans-serif; font-size: 14px; background-color: #ffffff;\">\r\n<li style=\"box-sizing: border-box; list-style-type: disc; margin-bottom: 5px;\"><strong style=\"box-sizing: border-box;\">Ovaries</strong>: Produces ovum &ndash; female egg as well as the hormone estrogen.</li>\r\n<li style=\"box-sizing: border-box; list-style-type: disc; margin-bottom: 5px;\"><strong style=\"box-sizing: border-box;\">Uterine tubes</strong>: Oviducts or fallopian tubes are the other names given for uterus tubes.</li>\r\n</ul>\r\n<p style=\"box-sizing: border-box; margin: 0px 0px 10px; color: #333333; font-family: Roboto, sans-serif; font-size: 14px; background-color: #ffffff;\">Also known as the womb, the uterus is a pear-shaped organ where the fetus grows. The cervix is the route to the vagina and gateway for sperm to enter. Vagina acts as the route for a penis to enter during intercourse and the exit of the fetus during delivery.</p>\r\n<p style=\"box-sizing: border-box; margin: 0px 0px 10px; color: #333333; font-family: Roboto, sans-serif; font-size: 14px; background-color: #ffffff;\"><img style=\"box-sizing: border-box; border: 1px solid rgba(255, 255, 255, 0.95); vertical-align: middle; box-shadow: rgba(0, 0, 0, 0.05) 0px 3px 3px; height: auto; padding: 5px; background: rgba(255, 255, 255, 0.8); max-width: 100%;\" title=\"Female reproductive system\" src=\"https://cdn1.byjus.com/wp-content/uploads/2019/05/female-reproductive-system.png\" alt=\"Female reproductive system\" /></p>\r\n<h4 style=\"box-sizing: border-box; font-family: Roboto, sans-serif; font-weight: 400; line-height: 1.1; color: #333333; margin-top: 10px; margin-bottom: 10px; font-size: 17px; background-color: #ffffff;\">Male Reproductive System</h4>\r\n<p style=\"box-sizing: border-box; margin: 0px 0px 10px; color: #333333; font-family: Roboto, sans-serif; font-size: 14px; background-color: #ffffff;\">The&nbsp;<a style=\"box-sizing: border-box; background-color: transparent; color: #73ad21; text-decoration-line: none;\" href=\"https://byjus.com/biology/male-reproductive-system/\">male reproductive system</a>&nbsp;consists of testicles, which act as a storehouse for sperms. These oval-shaped organs, are encased in a pouch that is called scrotum.<br style=\"box-sizing: border-box;\" /><img style=\"box-sizing: border-box; border: 1px solid rgba(255, 255, 255, 0.95); vertical-align: middle; box-shadow: rgba(0, 0, 0, 0.05) 0px 3px 3px; height: auto; padding: 5px; background: rgba(255, 255, 255, 0.8); max-width: 100%;\" title=\"Male reproductive system\" src=\"https://cdn1.byjus.com/wp-content/uploads/2019/05/male-reproductive-system.png\" alt=\"Male reproductive system\" /></p>\r\n<p style=\"box-sizing: border-box; margin: 0px 0px 10px; color: #333333; font-family: Roboto, sans-serif; font-size: 14px; background-color: #ffffff;\">Next to the testis is the vas deferens that are the accessory ducts for the male sexual system. When sperm is formed, it is mixed with fluids that are produced by seminal glands, prostate gland, and Cowper&rsquo;s gland. The primary purpose of Cowper gland is to hike the semen volume and lubrication during coitus.</p>\r\n<p style=\"box-sizing: border-box; margin: 0px 0px 10px; color: #333333; font-family: Roboto, sans-serif; font-size: 14px; background-color: #ffffff; padding-left: 30px;\"><strong style=\"box-sizing: border-box;\">More to Explore:</strong>&nbsp;<a style=\"box-sizing: border-box; background-color: transparent; color: #73ad21; text-decoration-line: none;\" href=\"https://byjus.com/biology/reproductive-system-humans/\">Reproductive System</a></p>\r\n<div id=\"respiratory-system\" style=\"box-sizing: border-box; color: #333333; font-family: Roboto, sans-serif; font-size: 14px; background-color: #ffffff;\">\r\n<h3 style=\"box-sizing: border-box; font-family: inherit; font-weight: 400; line-height: 1.1; color: #813588; margin-top: 20px; margin-bottom: 10px; font-size: 19px;\">Respiratory System</h3>\r\n</div>\r\n<p style=\"box-sizing: border-box; margin: 0px 0px 10px; color: #333333; font-family: Roboto, sans-serif; font-size: 14px; background-color: #ffffff;\">The respiratory process involves the intake of oxygen, and the exhale of carbon dioxide from the body. This system is also known as the ventilatory system, gas exchange system or respiratory apparatus. Vertebrates like human beings possess lungs for respiration. The process of respiration starts with the cycle of inhalation and exhalation.</p>\r\n<p style=\"box-sizing: border-box; margin: 0px 0px 10px; color: #333333; font-family: Roboto, sans-serif; font-size: 14px; background-color: #ffffff;\">Inhalation results in the oxygen entering into the body and exhalation results in carbon dioxide exiting from the body. Anatomically, the respiratory system comprises the following organs:</p>\r\n<ul style=\"box-sizing: border-box; margin-top: 0px; margin-bottom: 10px; color: #333333; font-family: Roboto, sans-serif; font-size: 14px; background-color: #ffffff;\">\r\n<li style=\"box-sizing: border-box; list-style-type: disc; margin-bottom: 5px;\">Trachea</li>\r\n<li style=\"box-sizing: border-box; list-style-type: disc; margin-bottom: 5px;\">Bronchi</li>\r\n<li style=\"box-sizing: border-box; list-style-type: disc; margin-bottom: 5px;\">Bronchioles</li>\r\n<li style=\"box-sizing: border-box; list-style-type: disc; margin-bottom: 5px;\">Lungs</li>\r\n<li style=\"box-sizing: border-box; list-style-type: disc; margin-bottom: 5px;\">Diaphragm</li>\r\n</ul>\r\n<div id=\"attachment_1084202\" class=\"wp-caption aligncenter\" style=\"box-sizing: border-box; margin: 5px auto; clear: both; background: rgba(255, 255, 255, 0.8); border: 1px solid rgba(255, 255, 255, 0.95); max-width: 96%; padding: 5px; text-align: center; box-shadow: rgba(0, 0, 0, 0.05) 0px 3px 3px; height: auto; color: #333333; font-family: Roboto, sans-serif; font-size: 14px; width: 760px;\"><img class=\"wp-image-1084202\" style=\"box-sizing: border-box; border: 0px none; vertical-align: middle; box-shadow: none; height: auto; padding: 0px; background-image: initial; background-position: initial; background-size: initial; background-repeat: initial; background-attachment: initial; background-origin: initial; background-clip: initial; margin: 0px; max-width: 100%; width: auto;\" title=\"Respiratory System Diagram\" src=\"https://cdn1.byjus.com/wp-content/uploads/2019/05/respiratory-system.png\" sizes=\"(max-width: 750px) 100vw, 750px\" srcset=\"https://cdn1.byjus.com/wp-content/uploads/2019/05/respiratory-system.png 750w, https://cdn1.byjus.com/wp-content/uploads/2019/05/respiratory-system-250x321.png 250w, https://cdn1.byjus.com/wp-content/uploads/2019/05/respiratory-system-700x900.png 700w, https://cdn1.byjus.com/wp-content/uploads/2019/05/respiratory-system-120x154.png 120w\" alt=\"Respiratory System Diagram\" width=\"750\" height=\"964\" />\r\n<p class=\"wp-caption-text\" style=\"box-sizing: border-box; margin: 10px 0px 0px; line-height: 17px; padding: 0px 4px 5px;\">A diagram of the human respiratory system highlighting the gas exchange process</p>\r\n</div>\r\n<p style=\"box-sizing: border-box; margin: 0px 0px 10px; color: #333333; font-family: Roboto, sans-serif; font-size: 14px; background-color: #ffffff;\">By diffusion, molecules of carbon dioxide and oxygen are exchanged passively among the blood cells and external environment. This swap is done through alveoli (which are the air sacs) in the lungs.</p>\r\n<p style=\"box-sizing: border-box; margin: 0px 0px 10px; color: #333333; font-family: Roboto, sans-serif; font-size: 14px; background-color: #ffffff; padding-left: 30px;\"><strong style=\"box-sizing: border-box;\">More About:</strong>&nbsp;<a style=\"box-sizing: border-box; background-color: transparent; color: #73ad21; text-decoration-line: none;\" href=\"https://byjus.com/biology/human-respiratory-system/\">Respiratory System</a></p>\r\n<div id=\"nervous-system\" style=\"box-sizing: border-box; color: #333333; font-family: Roboto, sans-serif; font-size: 14px; background-color: #ffffff;\">\r\n<h3 style=\"box-sizing: border-box; font-family: inherit; font-weight: 400; line-height: 1.1; color: #813588; margin-top: 20px; margin-bottom: 10px; font-size: 19px;\">Nervous System</h3>\r\n</div>\r\n<p style=\"box-sizing: border-box; margin: 0px 0px 10px; color: #333333; font-family: Roboto, sans-serif; font-size: 14px; background-color: #ffffff;\">The voluntary and involuntary actions are maintained and taken care of by the central nervous system. It helps to channel the signals to and from different parts of our body. Nervous System is broadly classified into two categories:</p>\r\n<ul style=\"box-sizing: border-box; margin-top: 0px; margin-bottom: 10px; color: #333333; font-family: Roboto, sans-serif; font-size: 14px; background-color: #ffffff;\">\r\n<li style=\"box-sizing: border-box; list-style-type: disc; margin-bottom: 5px;\"><strong style=\"box-sizing: border-box;\">Central Nervous System</strong></li>\r\n<li style=\"box-sizing: border-box; list-style-type: disc; margin-bottom: 5px;\"><strong style=\"box-sizing: border-box;\">Peripheral Nervous System</strong></li>\r\n</ul>\r\n<div id=\"attachment_1084203\" class=\"wp-caption aligncenter\" style=\"box-sizing: border-box; margin: 5px auto; clear: both; background: rgba(255, 255, 255, 0.8); border: 1px solid rgba(255, 255, 255, 0.95); max-width: 96%; padding: 5px; text-align: center; box-shadow: rgba(0, 0, 0, 0.05) 0px 3px 3px; height: auto; color: #333333; font-family: Roboto, sans-serif; font-size: 14px; width: 760px;\"><img class=\"wp-image-1084203\" style=\"box-sizing: border-box; border: 0px none; vertical-align: middle; box-shadow: none; height: auto; padding: 0px; background-image: initial; background-position: initial; background-size: initial; background-repeat: initial; background-attachment: initial; background-origin: initial; background-clip: initial; margin: 0px; max-width: 100%; width: auto;\" title=\"Human Nervous System Diagram\" src=\"https://cdn1.byjus.com/wp-content/uploads/2019/05/human-nervous-system.png\" sizes=\"(max-width: 750px) 100vw, 750px\" srcset=\"https://cdn1.byjus.com/wp-content/uploads/2019/05/human-nervous-system.png 750w, https://cdn1.byjus.com/wp-content/uploads/2019/05/human-nervous-system-250x326.png 250w, https://cdn1.byjus.com/wp-content/uploads/2019/05/human-nervous-system-700x912.png 700w, https://cdn1.byjus.com/wp-content/uploads/2019/05/human-nervous-system-120x156.png 120w\" alt=\"Human Nervous System Diagram\" width=\"750\" height=\"977\" />\r\n<p class=\"wp-caption-text\" style=\"box-sizing: border-box; margin: 10px 0px 0px; line-height: 17px; padding: 0px 4px 5px;\">Distribution of Nerves in humans (top) and the Neuron (bottom)</p>\r\n</div>\r\n<p style=\"box-sizing: border-box; margin: 0px 0px 10px; color: #333333; font-family: Roboto, sans-serif; font-size: 14px; background-color: #ffffff;\">The central nervous system contains the brain and the&nbsp;<strong style=\"box-sizing: border-box;\"><a style=\"box-sizing: border-box; background-color: transparent; color: #73ad21; text-decoration-line: none;\" title=\"Discover how the spinal cord is an important feature of the Human body\" href=\"https://byjus.com/biology/spinal-cord/\">spinal cord</a></strong>, while the peripheral nervous system includes nerves and ganglia that are present outside the brain and spinal cord. Through the axons, every part of the body gets connected.</p>\r\n<h4 style=\"box-sizing: border-box; font-family: Roboto, sans-serif; font-weight: 400; line-height: 1.1; color: #333333; margin-top: 10px; margin-bottom: 10px; font-size: 17px; background-color: #ffffff;\">Central Nervous System consists of:</h4>\r\n<ul style=\"box-sizing: border-box; margin-top: 0px; margin-bottom: 10px; color: #333333; font-family: Roboto, sans-serif; font-size: 14px; background-color: #ffffff;\">\r\n<li style=\"box-sizing: border-box; list-style-type: disc; margin-bottom: 5px;\"><strong style=\"box-sizing: border-box;\">Forebrain:</strong>&nbsp;It comprises the cerebrum, hypothalamus, and thalamus. The largest part of the brain is the cerebrum. Thinking, perceiving, controlling motor function, receiving and processing information and understanding language are the main functions done by this section of the brain. Also, sexual development and emotion functions are attached to the fore-brain.</li>\r\n<li style=\"box-sizing: border-box; list-style-type: disc; margin-bottom: 5px;\"><strong style=\"box-sizing: border-box;\">Midbrain:</strong>&nbsp;It is situated between the hypothalamus and thalamus. The brain stem is associated with the midbrain. Auditory and visual responses are controlled by the mid-brain.</li>\r\n<li style=\"box-sizing: border-box; list-style-type: disc; margin-bottom: 5px;\"><strong style=\"box-sizing: border-box;\">Hindbrain:</strong>&nbsp;The medulla, pons, and cerebellum are together, tied in the hind-brain. Interconnections of different parts of the brain&rsquo;s surface that helps to accommodate neurons and connect them to the spinal column are done by the Hind brain.</li>\r\n</ul>\r\n<h4 style=\"box-sizing: border-box; font-family: Roboto, sans-serif; font-weight: 400; line-height: 1.1; color: #333333; margin-top: 10px; margin-bottom: 10px; font-size: 17px; background-color: #ffffff;\">Peripheral Nervous System consists of:</h4>\r\n<ul style=\"box-sizing: border-box; margin-top: 0px; margin-bottom: 10px; color: #333333; font-family: Roboto, sans-serif; font-size: 14px; background-color: #ffffff;\">\r\n<li style=\"box-sizing: border-box; list-style-type: disc; margin-bottom: 5px;\"><strong style=\"box-sizing: border-box;\">Somatic nervous system:</strong>&nbsp;The system&rsquo;s primary purpose is to transmit the motor and sensory impulses from CNS and back. It is linked to all the sensory organs, limbs and skeletal system. Imagine a scenario where you are riding a bicycle, and suddenly, you spot an obstacle (say a dog) on the road. Your ability to immediately swerve out of the obstacle&rsquo;s path and avoid the crash is the result of the somatic nervous system taking action.</li>\r\n<li style=\"box-sizing: border-box; list-style-type: disc; margin-bottom: 5px;\"><strong style=\"box-sizing: border-box;\">Autonomic Nervous System:</strong>&nbsp;This system works without the person&rsquo;s effort. The system helps to relay impulse from the central nervous system to smooth muscles and involuntary organs such as your heart, lungs etc. Also, it prepares the body against any violent attacks or abnormal conditions such as high body temperature during a fever or high rate of breathing and blood pressure after a strenuous exercise.</li>\r\n</ul>\r\n<p style=\"box-sizing: border-box; margin: 0px 0px 10px; color: #333333; font-family: Roboto, sans-serif; font-size: 14px; background-color: #ffffff; padding-left: 60px;\"><strong style=\"box-sizing: border-box;\">Further Reading:</strong>&nbsp;<a style=\"box-sizing: border-box; background-color: transparent; color: #73ad21; text-decoration-line: none;\" href=\"https://byjus.com/biology/nervous-system/\">Nervous System</a></p>\r\n<div id=\"key-points-about-the-human-body\" style=\"box-sizing: border-box; color: #333333; font-family: Roboto, sans-serif; font-size: 14px; background-color: #ffffff;\">\r\n<h2 style=\"box-sizing: border-box; font-family: inherit; font-weight: 400; line-height: 1.1; color: #813588; margin-top: 20px; margin-bottom: 10px; font-size: 21px;\">Key Points About the Human Body</h2>\r\n</div>\r\n<p style=\"box-sizing: border-box; margin: 0px 0px 10px; color: #333333; font-family: Roboto, sans-serif; font-size: 14px; background-color: #ffffff;\">Every human being, tissues, human body parts and the organ systems are made up of cells- the fundamental unit of life. Anatomy is the science of understanding the structure and the parts of living organisms. Physiology, on the other hand, deals with the internal mechanisms and the processes that work towards sustaining life.</p>\r\n<p style=\"box-sizing: border-box; margin: 0px 0px 10px; color: #333333; font-family: Roboto, sans-serif; font-size: 14px; background-color: #ffffff;\">These can include biochemical and physical interactions between various factors and components in our body. With the progress of evolution, organisms began to exhibit advanced characteristics and features that enabled them to be more efficient and thrive in their respective environment.</p>\r\n<p style=\"box-sizing: border-box; margin: 0px 0px 10px; color: #333333; font-family: Roboto, sans-serif; font-size: 14px; background-color: #ffffff;\">The human structure can be described as bipedal, with hair covering the body, presence of mammary glands and a set of extremely well-developed sense organs. With respect to human body anatomy, we have a specialized circulatory system that enables the efficient transport of materials and nutrients within the body.</p>\r\n<p style=\"box-sizing: border-box; margin: 0px 0px 10px; color: #333333; font-family: Roboto, sans-serif; font-size: 14px; background-color: #ffffff;\">The presence of a well-developed digestive system helps to extract essential nutrients and minerals required by the body. A well developed respiratory system ensures the efficient gas exchange and the nervous system enables coordination and interaction within the body and also the external environment, thereby ensuring survival.</p>\r\n<div id=\"gtx-anchor\" style=\"position: absolute; visibility: hidden; left: 16px; top: 16px; width: 63.3594px; height: 21px;\"></div>\r\n<div class=\"jfk-bubble gtx-bubble\" style=\"visibility: visible; left: 33px; top: 47px; opacity: 1;\" role=\"alertdialog\" aria-describedby=\"bubble-2\">\r\n<div id=\"bubble-2\" class=\"jfk-bubble-content-id\">\r\n<div id=\"gtx-host\" style=\"min-width: 200px; max-width: 400px;\"></div>\r\n</div>\r\n<div class=\"jfk-bubble-closebtn-id jfk-bubble-closebtn\" tabindex=\"0\" role=\"button\" aria-label=\"Close\">&nbsp;</div>\r\n<div class=\"jfk-bubble-arrow-id jfk-bubble-arrow jfk-bubble-arrowup\" style=\"left: 31.5px;\">\r\n<div class=\"jfk-bubble-arrowimplbefore\">&nbsp;</div>\r\n<div class=\"jfk-bubble-arrowimplafter\">&nbsp;</div>\r\n</div>\r\n</div>', '../assets/images/download.jpg', 1, '2020-10-25 03:24:29'),
(27, 7, 'What i know in Laravel', 'I am describing here what I acquired knowledge in Laravel, I have been working with laravel for 6 months... ', '<p>I explored with laravel 5.8 now its runnig laravel 8.0 </p>\r\n<h2>Application architecture </h2>\r\n<p>->Clear concept of Framework installation and Folder Structure</p>\r\n<h2>The Basics</h2>\r\n<p><strong>Clear concept in </strong></p>\r\n<p>->Routing</p>\r\n<p>->Middleware</p>\r\n<p>->Csrf protection</p>\r\n<p>->Controller</p>\r\n<p>->Requests</p>\r\n<p>->Responses</p>\r\n<p>->Views</p>\r\n<p>->Session </p>\r\n<p>->Validation</p>\r\n<h2>Frontend</h2>\r\n<p>->Tamplate mastering into Blade Template</p>\r\n<h2><strong>Security</strong> </h2>\r\n<p>I used laravel default auth and had to customized successfully, where i had to do successfull to do</p>\r\n<p>->registration</p>\r\n<p>->login </p>\r\n<p>->password recovery</p>\r\n<p>->Email verification</p>\r\n<p>->Encryption </p>\r\n<h2>Database</h2>\r\n<p><em>Used both Query builder and Eluquent ORM(sufficiently)</em></p>\r\n<p>->created crud operation used Eloquent -<code><span style=\"text-decoration: underline;\">https://github.com/abdullahmamunn/laravel-crud/tree/master</span></code></p>\r\n<p>And have sufficient knowledge in Eloquent -> Relationship</p>\r\n<p> </p>', '../assets/images/lifecycle.png', 1, '2020-11-01 05:12:37');

--
-- Indexes for dumped tables
--

--
-- Indexes for table `admins`
--
ALTER TABLE `admins`
  ADD PRIMARY KEY (`id`);

--
-- Indexes for table `categories`
--
ALTER TABLE `categories`
  ADD PRIMARY KEY (`id`);

--
-- Indexes for table `comments`
--
ALTER TABLE `comments`
  ADD PRIMARY KEY (`id`);

--
-- Indexes for table `coursevideo`
--
ALTER TABLE `coursevideo`
  ADD PRIMARY KEY (`id`);

--
-- Indexes for table `posts`
--
ALTER TABLE `posts`
  ADD PRIMARY KEY (`id`);

--
-- AUTO_INCREMENT for dumped tables
--

--
-- AUTO_INCREMENT for table `admins`
--
ALTER TABLE `admins`
  MODIFY `id` int(11) NOT NULL AUTO_INCREMENT, AUTO_INCREMENT=2;

--
-- AUTO_INCREMENT for table `categories`
--
ALTER TABLE `categories`
  MODIFY `id` int(11) NOT NULL AUTO_INCREMENT, AUTO_INCREMENT=8;

--
-- AUTO_INCREMENT for table `comments`
--
ALTER TABLE `comments`
  MODIFY `id` int(11) NOT NULL AUTO_INCREMENT, AUTO_INCREMENT=19;

--
-- AUTO_INCREMENT for table `coursevideo`
--
ALTER TABLE `coursevideo`
  MODIFY `id` int(11) NOT NULL AUTO_INCREMENT, AUTO_INCREMENT=2;

--
-- AUTO_INCREMENT for table `posts`
--
ALTER TABLE `posts`
  MODIFY `id` int(11) NOT NULL AUTO_INCREMENT, AUTO_INCREMENT=28;
COMMIT;

/*!40101 SET CHARACTER_SET_CLIENT=@OLD_CHARACTER_SET_CLIENT */;
/*!40101 SET CHARACTER_SET_RESULTS=@OLD_CHARACTER_SET_RESULTS */;
/*!40101 SET COLLATION_CONNECTION=@OLD_COLLATION_CONNECTION */;
